feature,shap_value,abs_shap_value,direction,base_value,prediction
num__Humidity3pm,1.9493212,1.9493212,Increases rain probability,-1.2762953042984009,-0.6797680697950701
num__WindGustSpeed,-0.696705,0.696705,Decreases rain probability,-1.2762953042984009,-0.6797680697950701
num__Cloud3pm,-0.4529336,0.4529336,Decreases rain probability,-1.2762953042984009,-0.6797680697950701
num__Pressure3pm,-0.375007,0.375007,Decreases rain probability,-1.2762953042984009,-0.6797680697950701
num__Rainfall,-0.3186557,0.3186557,Decreases rain probability,-1.2762953042984009,-0.6797680697950701
num__Temp9am,-0.28748986,0.28748986,Decreases rain probability,-1.2762953042984009,-0.6797680697950701
num__Humidity9am,-0.10229053,0.10229053,Decreases rain probability,-1.2762953042984009,-0.6797680697950701
num__HumidityIndex,0.08693424,0.08693424,Increases rain probability,-1.2762953042984009,-0.6797680697950701
num__PressureDifference,0.07658822,0.07658822,Increases rain probability,-1.2762953042984009,-0.6797680697950701
num__DayOfYear,0.072120264,0.072120264,Increases rain probability,-1.2762953042984009,-0.6797680697950701
num__TemperatureDifference,0.063185334,0.063185334,Increases rain probability,-1.2762953042984009,-0.6797680697950701
cat__Location_Melbourne,0.053110003,0.053110003,Increases rain probability,-1.2762953042984009,-0.6797680697950701
num__MaxTemp,0.052566122,0.052566122,Increases rain probability,-1.2762953042984009,-0.6797680697950701
num__WindSpeed9am,0.045390755,0.045390755,Increases rain probability,-1.2762953042984009,-0.6797680697950701
num__Temp3pm,0.03689141,0.03689141,Increases rain probability,-1.2762953042984009,-0.6797680697950701
num__AverageTemperature,0.027791418,0.027791418,Increases rain probability,-1.2762953042984009,-0.6797680697950701
num__Pressure9am,0.026164325,0.026164325,Increases rain probability,-1.2762953042984009,-0.6797680697950701
num__MinTemp,-0.024723679,0.024723679,Decreases rain probability,-1.2762953042984009,-0.6797680697950701
num__WindSpeed3pm,-0.022101145,0.022101145,Decreases rain probability,-1.2762953042984009,-0.6797680697950701
cat__Location_MountGinini,0.021270508,0.021270508,Increases rain probability,-1.2762953042984009,-0.6797680697950701
cat__Season_Winter,-0.019185875,0.019185875,Decreases rain probability,-1.2762953042984009,-0.6797680697950701
num__Evaporation,0.017571716,0.017571716,Increases rain probability,-1.2762953042984009,-0.6797680697950701
cat__Location_Wollongong,0.017058596,0.017058596,Increases rain probability,-1.2762953042984009,-0.6797680697950701
num__Cloud9am,-0.013988314,0.013988314,Decreases rain probability,-1.2762953042984009,-0.6797680697950701
cat__Location_Williamtown,-0.012842996,0.012842996,Decreases rain probability,-1.2762953042984009,-0.6797680697950701
cat__Location_Brisbane,-0.012674218,0.012674218,Decreases rain probability,-1.2762953042984009,-0.6797680697950701
cat__Location_Perth,-0.012364098,0.012364098,Decreases rain probability,-1.2762953042984009,-0.6797680697950701
cat__Location_Witchcliffe,-0.011439528,0.011439528,Decreases rain probability,-1.2762953042984009,-0.6797680697950701
cat__Location_Adelaide,-0.011049109,0.011049109,Decreases rain probability,-1.2762953042984009,-0.6797680697950701
num__Sunshine,0.0107235685,0.0107235685,Increases rain probability,-1.2762953042984009,-0.6797680697950701
cat__WindGustDir_W,0.009359721,0.009359721,Increases rain probability,-1.2762953042984009,-0.6797680697950701
cat__WindDir3pm_NW,-0.009176272,0.009176272,Decreases rain probability,-1.2762953042984009,-0.6797680697950701
cat__WindDir9am_SSE,0.008497093,0.008497093,Increases rain probability,-1.2762953042984009,-0.6797680697950701
cat__WindDir3pm_WNW,-0.008486983,0.008486983,Decreases rain probability,-1.2762953042984009,-0.6797680697950701
cat__Location_Hobart,0.008311846,0.008311846,Increases rain probability,-1.2762953042984009,-0.6797680697950701
cat__Location_Penrith,-0.007986107,0.007986107,Decreases rain probability,-1.2762953042984009,-0.6797680697950701
cat__WindDir9am_N,-0.0076446654,0.0076446654,Decreases rain probability,-1.2762953042984009,-0.6797680697950701
cat__WindDir9am_S,0.0064657796,0.0064657796,Increases rain probability,-1.2762953042984009,-0.6797680697950701
cat__Location_Albury,-0.0060819895,0.0060819895,Decreases rain probability,-1.2762953042984009,-0.6797680697950701
cat__WindDir9am_NNE,-0.0053939666,0.0053939666,Decreases rain probability,-1.2762953042984009,-0.6797680697950701
cat__Location_Sale,0.0053732553,0.0053732553,Increases rain probability,-1.2762953042984009,-0.6797680697950701
cat__Location_NorahHead,0.0049394355,0.0049394355,Increases rain probability,-1.2762953042984009,-0.6797680697950701
cat__Location_Tuggeranong,-0.0047865584,0.0047865584,Decreases rain probability,-1.2762953042984009,-0.6797680697950701
cat__Location_Ballarat,0.004193178,0.004193178,Increases rain probability,-1.2762953042984009,-0.6797680697950701
cat__Location_PerthAirport,-0.004062576,0.004062576,Decreases rain probability,-1.2762953042984009,-0.6797680697950701
cat__WindDir3pm_NNW,-0.0040267943,0.0040267943,Decreases rain probability,-1.2762953042984009,-0.6797680697950701
cat__WindDir9am_W,0.0039950567,0.0039950567,Increases rain probability,-1.2762953042984009,-0.6797680697950701
cat__Location_PearceRAAF,-0.0039598867,0.0039598867,Decreases rain probability,-1.2762953042984009,-0.6797680697950701
cat__Location_Richmond,-0.0036260574,0.0036260574,Decreases rain probability,-1.2762953042984009,-0.6797680697950701
cat__Location_Townsville,0.0035960206,0.0035960206,Increases rain probability,-1.2762953042984009,-0.6797680697950701
cat__Location_Sydney,-0.0034856803,0.0034856803,Decreases rain probability,-1.2762953042984009,-0.6797680697950701
cat__WindDir3pm_SSE,0.0032278707,0.0032278707,Increases rain probability,-1.2762953042984009,-0.6797680697950701
cat__Location_WaggaWagga,-0.003226715,0.003226715,Decreases rain probability,-1.2762953042984009,-0.6797680697950701
cat__Location_Darwin,0.003216221,0.003216221,Increases rain probability,-1.2762953042984009,-0.6797680697950701
cat__WindDir3pm_SSW,0.0030367223,0.0030367223,Increases rain probability,-1.2762953042984009,-0.6797680697950701
cat__Season_Autumn,0.0028849712,0.0028849712,Increases rain probability,-1.2762953042984009,-0.6797680697950701
cat__WindIntensityCategory_Moderate,-0.002753932,0.002753932,Decreases rain probability,-1.2762953042984009,-0.6797680697950701
cat__Location_MelbourneAirport,0.002650936,0.002650936,Increases rain probability,-1.2762953042984009,-0.6797680697950701
cat__Season_Summer,-0.002559226,0.002559226,Decreases rain probability,-1.2762953042984009,-0.6797680697950701
cat__Location_Katherine,0.0023269323,0.0023269323,Increases rain probability,-1.2762953042984009,-0.6797680697950701
cat__Location_SalmonGums,-0.0023032965,0.0023032965,Decreases rain probability,-1.2762953042984009,-0.6797680697950701
cat__Location_BadgerysCreek,-0.002270122,0.002270122,Decreases rain probability,-1.2762953042984009,-0.6797680697950701
cat__Location_Bendigo,-0.0021599652,0.0021599652,Decreases rain probability,-1.2762953042984009,-0.6797680697950701
cat__WindDir9am_NNW,-0.0018747882,0.0018747882,Decreases rain probability,-1.2762953042984009,-0.6797680697950701
cat__WindDir3pm_N,-0.0018328228,0.0018328228,Decreases rain probability,-1.2762953042984009,-0.6797680697950701
cat__WindDir9am_SSW,0.0018240747,0.0018240747,Increases rain probability,-1.2762953042984009,-0.6797680697950701
cat__WindDir3pm_SW,0.0015067199,0.0015067199,Increases rain probability,-1.2762953042984009,-0.6797680697950701
cat__Location_CoffsHarbour,-0.0014731274,0.0014731274,Decreases rain probability,-1.2762953042984009,-0.6797680697950701
num__Month,-0.0014191427,0.0014191427,Decreases rain probability,-1.2762953042984009,-0.6797680697950701
cat__WindDir9am_ENE,-0.0014160423,0.0014160423,Decreases rain probability,-1.2762953042984009,-0.6797680697950701
cat__WindDir9am_NE,-0.0013436961,0.0013436961,Decreases rain probability,-1.2762953042984009,-0.6797680697950701
cat__WindDir9am_E,0.0012000235,0.0012000235,Increases rain probability,-1.2762953042984009,-0.6797680697950701
cat__Location_GoldCoast,0.0011376971,0.0011376971,Increases rain probability,-1.2762953042984009,-0.6797680697950701
cat__WindDir9am_WNW,0.000939865,0.000939865,Increases rain probability,-1.2762953042984009,-0.6797680697950701
cat__Location_Walpole,-0.0009398374,0.0009398374,Decreases rain probability,-1.2762953042984009,-0.6797680697950701
cat__Location_NorfolkIsland,0.000891328,0.000891328,Increases rain probability,-1.2762953042984009,-0.6797680697950701
cat__Location_Launceston,0.0008256992,0.0008256992,Increases rain probability,-1.2762953042984009,-0.6797680697950701
cat__WindDir9am_ESE,-0.00080533826,0.00080533826,Decreases rain probability,-1.2762953042984009,-0.6797680697950701
cat__WindDir9am_NW,-0.0007849133,0.0007849133,Decreases rain probability,-1.2762953042984009,-0.6797680697950701
cat__Location_Dartmoor,-0.00077173975,0.00077173975,Decreases rain probability,-1.2762953042984009,-0.6797680697950701
cat__WindGustDir_N,-0.00070883887,0.00070883887,Decreases rain probability,-1.2762953042984009,-0.6797680697950701
cat__Location_Portland,-0.0007027479,0.0007027479,Decreases rain probability,-1.2762953042984009,-0.6797680697950701
num__IsWeekend,-0.0006921968,0.0006921968,Decreases rain probability,-1.2762953042984009,-0.6797680697950701
cat__Location_Nhil,0.00068487594,0.00068487594,Increases rain probability,-1.2762953042984009,-0.6797680697950701
cat__Location_Cobar,-0.0006681257,0.0006681257,Decreases rain probability,-1.2762953042984009,-0.6797680697950701
cat__Location_Cairns,0.0005991043,0.0005991043,Increases rain probability,-1.2762953042984009,-0.6797680697950701
cat__Location_AliceSprings,0.0005965803,0.0005965803,Increases rain probability,-1.2762953042984009,-0.6797680697950701
cat__Location_Woomera,0.00057216996,0.00057216996,Increases rain probability,-1.2762953042984009,-0.6797680697950701
cat__WindGustDir_NW,-0.0004895323,0.0004895323,Decreases rain probability,-1.2762953042984009,-0.6797680697950701
cat__WindDir3pm_E,0.00047668605,0.00047668605,Increases rain probability,-1.2762953042984009,-0.6797680697950701
cat__WindGustDir_SE,-0.00046165052,0.00046165052,Decreases rain probability,-1.2762953042984009,-0.6797680697950701
cat__Location_Moree,0.0004420486,0.0004420486,Increases rain probability,-1.2762953042984009,-0.6797680697950701
cat__WindGustDir_E,0.00043929846,0.00043929846,Increases rain probability,-1.2762953042984009,-0.6797680697950701
cat__Location_Watsonia,0.00042099127,0.00042099127,Increases rain probability,-1.2762953042984009,-0.6797680697950701
cat__WindDir3pm_NE,-0.00039807387,0.00039807387,Decreases rain probability,-1.2762953042984009,-0.6797680697950701
cat__WindIntensityCategory_Low,-0.0003975131,0.0003975131,Decreases rain probability,-1.2762953042984009,-0.6797680697950701
cat__WindDir3pm_NNE,-0.0003706326,0.0003706326,Decreases rain probability,-1.2762953042984009,-0.6797680697950701
cat__Location_MountGambier,0.00036913395,0.00036913395,Increases rain probability,-1.2762953042984009,-0.6797680697950701
cat__WindDir3pm_S,-0.00031558596,0.00031558596,Decreases rain probability,-1.2762953042984009,-0.6797680697950701
cat__WindDir3pm_W,-0.00026978622,0.00026978622,Decreases rain probability,-1.2762953042984009,-0.6797680697950701
cat__WindDir3pm_ESE,0.0002639426,0.0002639426,Increases rain probability,-1.2762953042984009,-0.6797680697950701
cat__WindGustDir_NNW,-0.00022014874,0.00022014874,Decreases rain probability,-1.2762953042984009,-0.6797680697950701
cat__Season_Spring,0.00021977088,0.00021977088,Increases rain probability,-1.2762953042984009,-0.6797680697950701
cat__WindDir3pm_SE,-0.00021237195,0.00021237195,Decreases rain probability,-1.2762953042984009,-0.6797680697950701
cat__WindDir9am_SW,-0.00019850701,0.00019850701,Decreases rain probability,-1.2762953042984009,-0.6797680697950701
cat__Location_Albany,0.00016584151,0.00016584151,Increases rain probability,-1.2762953042984009,-0.6797680697950701
cat__WindGustDir_SW,-0.00015094466,0.00015094466,Decreases rain probability,-1.2762953042984009,-0.6797680697950701
cat__WindDir3pm_WSW,0.00013800395,0.00013800395,Increases rain probability,-1.2762953042984009,-0.6797680697950701
cat__WindDir3pm_ENE,-0.00013596963,0.00013596963,Decreases rain probability,-1.2762953042984009,-0.6797680697950701
cat__WindGustDir_SSW,0.00013094874,0.00013094874,Increases rain probability,-1.2762953042984009,-0.6797680697950701
cat__WindGustDir_ENE,-0.00013013677,0.00013013677,Decreases rain probability,-1.2762953042984009,-0.6797680697950701
cat__Location_Mildura,0.000107491,0.000107491,Increases rain probability,-1.2762953042984009,-0.6797680697950701
cat__Location_Canberra,0.00010551096,0.00010551096,Increases rain probability,-1.2762953042984009,-0.6797680697950701
cat__Location_SydneyAirport,9.4058334e-05,9.4058334e-05,Increases rain probability,-1.2762953042984009,-0.6797680697950701
cat__WindDir9am_WSW,-9.315769e-05,9.315769e-05,Decreases rain probability,-1.2762953042984009,-0.6797680697950701
cat__Location_Uluru,-9.268095e-05,9.268095e-05,Decreases rain probability,-1.2762953042984009,-0.6797680697950701
cat__WindGustDir_NNE,-8.6533015e-05,8.6533015e-05,Decreases rain probability,-1.2762953042984009,-0.6797680697950701
cat__WindGustDir_ESE,5.5547094e-05,5.5547094e-05,Increases rain probability,-1.2762953042984009,-0.6797680697950701
cat__Location_Nuriootpa,5.0627223e-05,5.0627223e-05,Increases rain probability,-1.2762953042984009,-0.6797680697950701
cat__WindIntensityCategory_High,3.8726495e-05,3.8726495e-05,Increases rain probability,-1.2762953042984009,-0.6797680697950701
cat__WindGustDir_WSW,3.8249746e-05,3.8249746e-05,Increases rain probability,-1.2762953042984009,-0.6797680697950701
cat__WindGustDir_SSE,-3.7882754e-05,3.7882754e-05,Decreases rain probability,-1.2762953042984009,-0.6797680697950701
cat__Location_Newcastle,-3.4636574e-05,3.4636574e-05,Decreases rain probability,-1.2762953042984009,-0.6797680697950701
cat__WindGustDir_NE,-1.5005347e-05,1.5005347e-05,Decreases rain probability,-1.2762953042984009,-0.6797680697950701
cat__WindGustDir_S,-1.492959e-05,1.492959e-05,Decreases rain probability,-1.2762953042984009,-0.6797680697950701
cat__WindGustDir_WNW,7.4348172e-06,7.4348172e-06,Increases rain probability,-1.2762953042984009,-0.6797680697950701
cat__WindDir9am_SE,5.397962e-06,5.397962e-06,Increases rain probability,-1.2762953042984009,-0.6797680697950701
num__RainfallIndicator,0.0,0.0,Increases rain probability,-1.2762953042984009,-0.6797680697950701
num__RainTodayBinary,0.0,0.0,Increases rain probability,-1.2762953042984009,-0.6797680697950701
num__Quarter,0.0,0.0,Increases rain probability,-1.2762953042984009,-0.6797680697950701
cat__WindIntensityCategory_VeryHigh,0.0,0.0,Increases rain probability,-1.2762953042984009,-0.6797680697950701
cat__RainToday_No,0.0,0.0,Increases rain probability,-1.2762953042984009,-0.6797680697950701
cat__RainToday_Yes,0.0,0.0,Increases rain probability,-1.2762953042984009,-0.6797680697950701
